aid,bvid,标题,up主,播放量,点赞数,发布时间,封面
114008396924244 ,BV1ajAKeTEr3,【STN快报第八季1】艾比惨遭丑化，变成传统美少女了,STN工作室,209161,25576,2025/2/16 10:00,http://i1.hdslb.com/bfs/archive/211c12a5cb534522ac4f03b3bca2f78934842248.jpg
114007541291828 ,BV1h7APeZENN,这一笑 把10年的功德都给笑没了,迪士尼在逃黄狗coco,2801857,235993,2025/2/15 19:01,http://i1.hdslb.com/bfs/archive/e7bf1ffba3bf1d4b2562425ce0dbd7d3b49e1cf1.jpg
113991183632417 ,BV1t4KLeAECQ,国产单机《湮灭之潮》11分钟实机演示公开,湮灭之潮,4015635,222859,2025/2/14 14:00,http://i1.hdslb.com/bfs/archive/a6dd5e7133d4db264d92a601da29d2cc838952b0.jpg
113920853478316 ,BV1raFSeNEeB,【独家】《凡人修仙传之外海风云》第6集【总第130话】,哔哩哔哩国创,2671168,47074,2025/2/15 11:00,http://i2.hdslb.com/bfs/archive/e54ed6ede494144552c3713d42fcfc8f103bf44e.jpg
114008631811051 ,BV12UANexEzM,一集毁完6个角色，这是人写的剧情？,The梁某人,607970,47594,2025/2/15 23:38,http://i1.hdslb.com/bfs/archive/f64b8910bb7305398c209b124e6080c051bce3ca.jpg
113996048898536 ,BV1xbKseQE16,《新月同行》他者的集会 版本PV：上篇——宇宙尽头的糖水铺,新月同行,216434,8403,2025/2/14 11:00,http://i0.hdslb.com/bfs/archive/98e11bf909513fc36db9a3d05585fbee69a36de5.jpg
114003179211788 ,BV1BbKTeZEU8,这个箱子是陷阱！,幕川北,1151171,65618,2025/2/15 10:00,http://i1.hdslb.com/bfs/archive/c3b398cf4282897dbb7e471c136f46f8329196db.jpg
113978617369788 ,BV1hxNReGEvy,群演装备大盘点,李娇娥-,2280679,176302,2025/2/10 18:30,http://i2.hdslb.com/bfs/archive/e155443e1a5bb0e53619ced7c46a0c2df610b54e.jpg
113995864408925 ,BV1cRKHeMEnC,☝🤓一想到接下来要发生什么我就想笑⚡⚡⚡,去码头整点薯条vv,3190266,308989,2025/2/13 17:31,http://i0.hdslb.com/bfs/archive/494e89727ac3f35613e7224d94edf49a6b0a3732.jpg
113876159038663 ,BV1sqfBYuEn1,【剧情】神探夏洛克 第三季（2014）01【本尼迪克特·康伯巴奇 / 马丁·弗瑞曼】,迷影社,980446,8288,2025/2/15 12:00,http://i2.hdslb.com/bfs/archive/44d49306cbaa181cacd9de2f5877799658748fa3.jpg
114002004872279 ,BV1yRKNeAEm1,【淮秀帮】假如《哪吒》有朋友圈！,淮秀帮,381660,32610,2025/2/15 17:00,http://i0.hdslb.com/bfs/archive/c53cfd2a9c290531049641aa2a8db46bf89667ca.jpg
114005276364415 ,BV1PyKgeLEy5,爆炸好玩的双人游戏！,某幻君,809132,66658,2025/2/15 12:00,http://i2.hdslb.com/bfs/archive/73dd72f972029c47f7954856c02f6bdff1df896b.jpg
114007205872403 ,BV1CVANenEep,盲人的广州机场无障碍测评？当导盲犬小优第一次见到警犬...,诺子喵呜,366526,27725,2025/2/15 17:37,http://i0.hdslb.com/bfs/archive/b35d653d5e4fd42ec09e9211c2baaa4d24744e1a.jpg
113997122639931 ,BV1JoNfeqEGG,“来狂欢吧狂欢吧，永远不下坠。”,菊蛤xx,497811,96873,2025/2/13 22:56,http://i2.hdslb.com/bfs/archive/f892244a4969be863780904df3af5bb4c380f5f1.jpg
114003481199340 ,BV1YmKueWE3e,想活命就杀父母！主角无限死亡！5年前的这款恐怖游戏结局多到疯狂！,暗核少语,350324,24824,2025/2/15 10:30,http://i1.hdslb.com/bfs/archive/dcf060b406821e0b8c27635f5d75f2ed9dddb071.jpg
114005846787061 ,BV1BcAPezEEz,叫嚣杀遍内娱，翻车全网发疯，导演主演互甩锅，闺蜜一秒变敌蜜……【2025开年内娱笑话盘点】,一只吐槽圆,1111522,35999,2025/2/15 13:04,http://i1.hdslb.com/bfs/archive/97f15f0fbb009c1edd42530d246db0cbaf9efd84.jpg
113999723106252 ,BV1KxKwexE3u,全世界的小樱们都在等的魔法教学来了,街头尬术师魔法老樱,2348011,249755,2025/2/14 9:55,http://i2.hdslb.com/bfs/archive/429415b05f68a617a7764d3e2a1746140bfc5f61.jpg
114007390356160 ,BV1hoAPewEQL,【净罪作战】永控9人940 潮卷遗尘烛焰起，朽淬灵锋孽罪休,莱茵实验组,488359,49389,2025/2/15 18:22,http://i2.hdslb.com/bfs/archive/9f125fc32d8bde2a627de05dcd58d90030077b11.jpg
114005662243673 ,BV1k9AAe5Ear,埃及果然全是骗子！,蓝战非OvO,871038,96878,2025/2/15 11:05,http://i0.hdslb.com/bfs/archive/715b2c297ac91220f56759cab0a3a2b1e992cdce.jpg
114000863954184 ,BV1HZKAepEie,“戴上耳机，感受顶级串烧”,南风未满,2175858,44292,2025/2/14 14:40,http://i2.hdslb.com/bfs/archive/e95fa7c2636aec61ad65024d853941f478ba066c.jpg
